{"cameraMode":{"drawMode":0,"name":"Shaded","section":"Shading Mode"},"sceneLighting":false,"audioPlay":false,"sceneViewState":{"showFog":true,"showMaterialUpdate":false,"showSkybox":false,"showFlares":true,"showImageEffects":true,"showParticleSystems":true,"showVisualEffectGraphs":true,"m_FxEnabled":true},"in2DMode":false,"pivot":{"x":-179.86521911621095,"y":345.3450012207031,"z":315.8850402832031},"rotation":{"x":0.019453592598438264,"y":-0.026670826599001886,"z":0.0023930964525789024,"w":1.0001333951950074},"size":301.8394775390625,"orthographic":false}