{"cameraMode":{"drawMode":0,"name":"Shaded","section":"Shading Mode"},"sceneLighting":true,"audioPlay":false,"sceneViewState":{"showFog":true,"showMaterialUpdate":false,"showSkybox":true,"showFlares":true,"showImageEffects":true,"showParticleSystems":true,"showVisualEffectGraphs":true,"m_FxEnabled":true},"in2DMode":false,"pivot":{"x":0.06998215615749359,"y":3.274071455001831,"z":0.6734719276428223},"rotation":{"x":0.13854935765266419,"y":-0.007629248313605785,"z":0.0010678555117920042,"w":0.9903303384780884},"size":2.2846016883850099,"orthographic":false}